"filename", "language", "go", "Shell Script", "Batch", "Properties", "env", "Protocol Buffers", "Markdown", "Go Module File", "YAML", "Ini", "Go Checksum File", "JSON", "Makefile", "Ignore", "NGINX Conf", "Database", "comment", "blank", "total"
"d:\tmp\Open-IM-Server\.env", "env", 0, 0, 0, 0, 4, 0, 0, 0, 0, 0, 0, 0, 0, 0, 0, 0, 0, 0, 4
"d:\tmp\Open-IM-Server\README.md", "Markdown", 0, 0, 0, 0, 0, 0, 105, 0, 0, 0, 0, 0, 0, 0, 0, 0, 0, 50, 155
"d:\tmp\Open-IM-Server\cmd\open_im_api\Makefile", "Makefile", 0, 0, 0, 0, 0, 0, 0, 0, 0, 0, 0, 0, 16, 0, 0, 0, 0, 10, 26
"d:\tmp\Open-IM-Server\cmd\open_im_api\docs\docs.go", "go", 8561, 0, 0, 0, 0, 0, 0, 0, 0, 0, 0, 0, 0, 0, 0, 0, 3, 5, 8569
"d:\tmp\Open-IM-Server\cmd\open_im_api\docs\swagger.json", "JSON", 0, 0, 0, 0, 0, 0, 0, 0, 0, 0, 0, 8544, 0, 0, 0, 0, 0, 0, 8544
"d:\tmp\Open-IM-Server\cmd\open_im_api\docs\swagger.yaml", "YAML", 0, 0, 0, 0, 0, 0, 0, 0, 5624, 0, 0, 0, 0, 0, 0, 0, 0, 1, 5625
"d:\tmp\Open-IM-Server\cmd\open_im_api\main.go", "go", 39, 0, 0, 0, 0, 0, 0, 0, 0, 0, 0, 0, 0, 0, 0, 0, 197, 6, 242
"d:\tmp\Open-IM-Server\cmd\open_im_cms_api\Makefile", "Makefile", 0, 0, 0, 0, 0, 0, 0, 0, 0, 0, 0, 0, 16, 0, 0, 0, 0, 10, 26
"d:\tmp\Open-IM-Server\cmd\open_im_cms_api\main.go", "go", 26, 0, 0, 0, 0, 0, 0, 0, 0, 0, 0, 0, 0, 0, 0, 0, 0, 5, 31
"d:\tmp\Open-IM-Server\cmd\open_im_cron_task\Makefile", "Makefile", 0, 0, 0, 0, 0, 0, 0, 0, 0, 0, 0, 0, 16, 0, 0, 0, 0, 8, 24
"d:\tmp\Open-IM-Server\cmd\open_im_cron_task\main.go", "go", 9, 0, 0, 0, 0, 0, 0, 0, 0, 0, 0, 0, 0, 0, 0, 0, 0, 3, 12
"d:\tmp\Open-IM-Server\cmd\open_im_demo\Makefile", "Makefile", 0, 0, 0, 0, 0, 0, 0, 0, 0, 0, 0, 0, 16, 0, 0, 0, 0, 10, 26
"d:\tmp\Open-IM-Server\cmd\open_im_demo\main.go", "go", 71, 0, 0, 0, 0, 0, 0, 0, 0, 0, 0, 0, 0, 0, 0, 0, 1, 9, 81
"d:\tmp\Open-IM-Server\cmd\open_im_msg_gateway\Makefile", "Makefile", 0, 0, 0, 0, 0, 0, 0, 0, 0, 0, 0, 0, 16, 0, 0, 0, 0, 9, 25
"d:\tmp\Open-IM-Server\cmd\open_im_msg_gateway\main.go", "go", 26, 0, 0, 0, 0, 0, 0, 0, 0, 0, 0, 0, 0, 0, 0, 0, 0, 3, 29
"d:\tmp\Open-IM-Server\cmd\open_im_msg_transfer\Makefile", "Makefile", 0, 0, 0, 0, 0, 0, 0, 0, 0, 0, 0, 0, 16, 0, 0, 0, 0, 10, 26
"d:\tmp\Open-IM-Server\cmd\open_im_msg_transfer\main.go", "go", 21, 0, 0, 0, 0, 0, 0, 0, 0, 0, 0, 0, 0, 0, 0, 0, 0, 3, 24
"d:\tmp\Open-IM-Server\cmd\open_im_push\Makefile", "Makefile", 0, 0, 0, 0, 0, 0, 0, 0, 0, 0, 0, 0, 16, 0, 0, 0, 0, 10, 26
"d:\tmp\Open-IM-Server\cmd\open_im_push\main.go", "go", 23, 0, 0, 0, 0, 0, 0, 0, 0, 0, 0, 0, 0, 0, 0, 0, 0, 3, 26
"d:\tmp\Open-IM-Server\cmd\rpc\open_im_admin_cms\Makefile", "Makefile", 0, 0, 0, 0, 0, 0, 0, 0, 0, 0, 0, 0, 16, 0, 0, 0, 0, 8, 24
"d:\tmp\Open-IM-Server\cmd\rpc\open_im_admin_cms\main.go", "go", 24, 0, 0, 0, 0, 0, 0, 0, 0, 0, 0, 0, 0, 0, 0, 0, 1, 3, 28
"d:\tmp\Open-IM-Server\cmd\rpc\open_im_auth\Makefile", "Makefile", 0, 0, 0, 0, 0, 0, 0, 0, 0, 0, 0, 0, 16, 0, 0, 0, 0, 9, 25
"d:\tmp\Open-IM-Server\cmd\rpc\open_im_auth\main.go", "go", 24, 0, 0, 0, 0, 0, 0, 0, 0, 0, 0, 0, 0, 0, 0, 0, 0, 3, 27
"d:\tmp\Open-IM-Server\cmd\rpc\open_im_cache\Makefile", "Makefile", 0, 0, 0, 0, 0, 0, 0, 0, 0, 0, 0, 0, 16, 0, 0, 0, 0, 9, 25
"d:\tmp\Open-IM-Server\cmd\rpc\open_im_cache\main.go", "go", 24, 0, 0, 0, 0, 0, 0, 0, 0, 0, 0, 0, 0, 0, 0, 0, 0, 4, 28
"d:\tmp\Open-IM-Server\cmd\rpc\open_im_conversation\Makefile", "Makefile", 0, 0, 0, 0, 0, 0, 0, 0, 0, 0, 0, 0, 16, 0, 0, 0, 0, 9, 25
"d:\tmp\Open-IM-Server\cmd\rpc\open_im_conversation\main.go", "go", 24, 0, 0, 0, 0, 0, 0, 0, 0, 0, 0, 0, 0, 0, 0, 0, 0, 4, 28
"d:\tmp\Open-IM-Server\cmd\rpc\open_im_friend\Makefile", "Makefile", 0, 0, 0, 0, 0, 0, 0, 0, 0, 0, 0, 0, 16, 0, 0, 0, 0, 10, 26
"d:\tmp\Open-IM-Server\cmd\rpc\open_im_friend\main.go", "go", 24, 0, 0, 0, 0, 0, 0, 0, 0, 0, 0, 0, 0, 0, 0, 0, 0, 3, 27
"d:\tmp\Open-IM-Server\cmd\rpc\open_im_group\Makefile", "Makefile", 0, 0, 0, 0, 0, 0, 0, 0, 0, 0, 0, 0, 16, 0, 0, 0, 0, 10, 26
"d:\tmp\Open-IM-Server\cmd\rpc\open_im_group\main.go", "go", 24, 0, 0, 0, 0, 0, 0, 0, 0, 0, 0, 0, 0, 0, 0, 0, 0, 3, 27
"d:\tmp\Open-IM-Server\cmd\rpc\open_im_msg\Makefile", "Makefile", 0, 0, 0, 0, 0, 0, 0, 0, 0, 0, 0, 0, 16, 0, 0, 0, 0, 8, 24
"d:\tmp\Open-IM-Server\cmd\rpc\open_im_msg\main.go", "go", 24, 0, 0, 0, 0, 0, 0, 0, 0, 0, 0, 0, 0, 0, 0, 0, 0, 3, 27
"d:\tmp\Open-IM-Server\cmd\rpc\open_im_office\Makefile", "Makefile", 0, 0, 0, 0, 0, 0, 0, 0, 0, 0, 0, 0, 16, 0, 0, 0, 0, 8, 24
"d:\tmp\Open-IM-Server\cmd\rpc\open_im_office\main.go", "go", 24, 0, 0, 0, 0, 0, 0, 0, 0, 0, 0, 0, 0, 0, 0, 0, 0, 3, 27
"d:\tmp\Open-IM-Server\cmd\rpc\open_im_organization\Makefile", "Makefile", 0, 0, 0, 0, 0, 0, 0, 0, 0, 0, 0, 0, 16, 0, 0, 0, 0, 10, 26
"d:\tmp\Open-IM-Server\cmd\rpc\open_im_organization\main.go", "go", 24, 0, 0, 0, 0, 0, 0, 0, 0, 0, 0, 0, 0, 0, 0, 0, 0, 3, 27
"d:\tmp\Open-IM-Server\cmd\rpc\open_im_user\Makefile", "Makefile", 0, 0, 0, 0, 0, 0, 0, 0, 0, 0, 0, 0, 16, 0, 0, 0, 0, 10, 26
"d:\tmp\Open-IM-Server\cmd\rpc\open_im_user\main.go", "go", 24, 0, 0, 0, 0, 0, 0, 0, 0, 0, 0, 0, 0, 0, 0, 0, 0, 3, 27
"d:\tmp\Open-IM-Server\cmd\test\main.go", "go", 56, 0, 0, 0, 0, 0, 0, 0, 0, 0, 0, 0, 0, 0, 0, 0, 1, 13, 70
"d:\tmp\Open-IM-Server\config\config.yaml", "YAML", 0, 0, 0, 0, 0, 0, 0, 0, 663, 0, 0, 0, 0, 0, 0, 0, 53, 78, 794
"d:\tmp\Open-IM-Server\config\open-im-ng-example.conf", "NGINX Conf", 0, 0, 0, 0, 0, 0, 0, 0, 0, 0, 0, 0, 0, 0, 197, 0, 0, 9, 206
"d:\tmp\Open-IM-Server\config\usualConfig.yaml", "YAML", 0, 0, 0, 0, 0, 0, 0, 0, 33, 0, 0, 0, 0, 0, 0, 0, 0, 11, 44
"d:\tmp\Open-IM-Server\deploy\.dockerignore", "Ignore", 0, 0, 0, 0, 0, 0, 0, 0, 0, 0, 0, 0, 0, 2, 0, 0, 2, 2, 6
"d:\tmp\Open-IM-Server\deploy\Makefile", "Makefile", 0, 0, 0, 0, 0, 0, 0, 0, 0, 0, 0, 0, 105, 0, 0, 0, 24, 30, 159
"d:\tmp\Open-IM-Server\deploy\config.example.yaml", "YAML", 0, 0, 0, 0, 0, 0, 0, 0, 142, 0, 0, 0, 0, 0, 0, 0, 15, 27, 184
"d:\tmp\Open-IM-Server\deploy\env.yaml", "YAML", 0, 0, 0, 0, 0, 0, 0, 0, 77, 0, 0, 0, 0, 0, 0, 0, 16, 9, 102
"d:\tmp\Open-IM-Server\deploy\openim.yaml", "YAML", 0, 0, 0, 0, 0, 0, 0, 0, 151, 0, 0, 0, 0, 0, 0, 0, 61, 11, 223
"d:\tmp\Open-IM-Server\deploy\readme.md", "Markdown", 0, 0, 0, 0, 0, 0, 22, 0, 0, 0, 0, 0, 0, 0, 0, 0, 0, 8, 30
"d:\tmp\Open-IM-Server\deploy_k8s\admin_cms\deployment.yaml", "YAML", 0, 0, 0, 0, 0, 0, 0, 0, 41, 0, 0, 0, 0, 0, 0, 0, 1, 2, 44
"d:\tmp\Open-IM-Server\deploy_k8s\api\deployment.yaml", "YAML", 0, 0, 0, 0, 0, 0, 0, 0, 55, 0, 0, 0, 0, 0, 0, 0, 1, 0, 56
"d:\tmp\Open-IM-Server\deploy_k8s\auth\deployment.yaml", "YAML", 0, 0, 0, 0, 0, 0, 0, 0, 41, 0, 0, 0, 0, 0, 0, 0, 1, 0, 42
"d:\tmp\Open-IM-Server\deploy_k8s\build_push_all_images.sh", "Shell Script", 0, 22, 0, 0, 0, 0, 0, 0, 0, 0, 0, 0, 0, 0, 0, 0, 2, 7, 31
"d:\tmp\Open-IM-Server\deploy_k8s\cache\deployment.yaml", "YAML", 0, 0, 0, 0, 0, 0, 0, 0, 41, 0, 0, 0, 0, 0, 0, 0, 1, 0, 42
"d:\tmp\Open-IM-Server\deploy_k8s\cms_api\deployment.yaml", "YAML", 0, 0, 0, 0, 0, 0, 0, 0, 56, 0, 0, 0, 0, 0, 0, 0, 0, 0, 56
"d:\tmp\Open-IM-Server\deploy_k8s\conversation\deployment.yaml", "YAML", 0, 0, 0, 0, 0, 0, 0, 0, 41, 0, 0, 0, 0, 0, 0, 0, 1, 3, 45
"d:\tmp\Open-IM-Server\deploy_k8s\demo\deployment.yaml", "YAML", 0, 0, 0, 0, 0, 0, 0, 0, 56, 0, 0, 0, 0, 0, 0, 0, 0, 0, 56
"d:\tmp\Open-IM-Server\deploy_k8s\friend\deployment.yaml", "YAML", 0, 0, 0, 0, 0, 0, 0, 0, 41, 0, 0, 0, 0, 0, 0, 0, 1, 2, 44
"d:\tmp\Open-IM-Server\deploy_k8s\group\deployment.yaml", "YAML", 0, 0, 0, 0, 0, 0, 0, 0, 41, 0, 0, 0, 0, 0, 0, 0, 1, 0, 42
"d:\tmp\Open-IM-Server\deploy_k8s\ingress.yaml", "YAML", 0, 0, 0, 0, 0, 0, 0, 0, 119, 0, 0, 0, 0, 0, 0, 0, 0, 0, 119
"d:\tmp\Open-IM-Server\deploy_k8s\k8s_openim_deploy.md", "Markdown", 0, 0, 0, 0, 0, 0, 92, 0, 0, 0, 0, 0, 0, 0, 0, 0, 0, 8, 100
"d:\tmp\Open-IM-Server\deploy_k8s\kubectl_start_all.sh", "Shell Script", 0, 5, 0, 0, 0, 0, 0, 0, 0, 0, 0, 0, 0, 0, 0, 0, 2, 5, 12
"d:\tmp\Open-IM-Server\deploy_k8s\kubectl_stop_all.sh", "Shell Script", 0, 29, 0, 0, 0, 0, 0, 0, 0, 0, 0, 0, 0, 0, 0, 0, 3, 4, 36
"d:\tmp\Open-IM-Server\deploy_k8s\msg\deployment.yaml", "YAML", 0, 0, 0, 0, 0, 0, 0, 0, 41, 0, 0, 0, 0, 0, 0, 0, 1, 0, 42
"d:\tmp\Open-IM-Server\deploy_k8s\msg_gateway\deployment.yaml", "YAML", 0, 0, 0, 0, 0, 0, 0, 0, 58, 0, 0, 0, 0, 0, 0, 0, 1, 2, 61
"d:\tmp\Open-IM-Server\deploy_k8s\msg_transfer\deployment.yaml", "YAML", 0, 0, 0, 0, 0, 0, 0, 0, 39, 0, 0, 0, 0, 0, 0, 0, 1, 1, 41
"d:\tmp\Open-IM-Server\deploy_k8s\office\deployment.yaml", "YAML", 0, 0, 0, 0, 0, 0, 0, 0, 41, 0, 0, 0, 0, 0, 0, 0, 1, 0, 42
"d:\tmp\Open-IM-Server\deploy_k8s\organization\deployment.yaml", "YAML", 0, 0, 0, 0, 0, 0, 0, 0, 41, 0, 0, 0, 0, 0, 0, 0, 1, 0, 42
"d:\tmp\Open-IM-Server\deploy_k8s\path_info.cfg", "Properties", 0, 0, 0, 19, 0, 0, 0, 0, 0, 0, 0, 0, 0, 0, 0, 0, 3, 0, 22
"d:\tmp\Open-IM-Server\deploy_k8s\push\deployment.yaml", "YAML", 0, 0, 0, 0, 0, 0, 0, 0, 41, 0, 0, 0, 0, 0, 0, 0, 1, 0, 42
"d:\tmp\Open-IM-Server\deploy_k8s\sdk_server\deployment.yaml", "YAML", 0, 0, 0, 0, 0, 0, 0, 0, 54, 0, 0, 0, 0, 0, 0, 0, 1, 2, 57
"d:\tmp\Open-IM-Server\deploy_k8s\user\deployment.yaml", "YAML", 0, 0, 0, 0, 0, 0, 0, 0, 39, 0, 0, 0, 0, 0, 0, 0, 1, 1, 41
"d:\tmp\Open-IM-Server\docker-compose-mongos.yaml", "YAML", 0, 0, 0, 0, 0, 0, 0, 0, 119, 0, 0, 0, 0, 0, 0, 0, 7, 14, 140
"d:\tmp\Open-IM-Server\docker-compose-shard-cluster.yaml", "YAML", 0, 0, 0, 0, 0, 0, 0, 0, 97, 0, 0, 0, 0, 0, 0, 0, 13, 3, 113
"d:\tmp\Open-IM-Server\docker-compose.yaml", "YAML", 0, 0, 0, 0, 0, 0, 0, 0, 172, 0, 0, 0, 0, 0, 0, 0, 15, 13, 200
"d:\tmp\Open-IM-Server\docker-compose_cfg\config.yaml", "YAML", 0, 0, 0, 0, 0, 0, 0, 0, 52, 0, 0, 0, 0, 0, 0, 0, 2, 11, 65
"d:\tmp\Open-IM-Server\docker-compose_cfg\datasource-compose.yaml", "YAML", 0, 0, 0, 0, 0, 0, 0, 0, 11, 0, 0, 0, 0, 0, 0, 0, 1, 1, 13
"d:\tmp\Open-IM-Server\docker-compose_cfg\grafana.db", "Database", 0, 0, 0, 0, 0, 0, 0, 0, 0, 0, 0, 0, 0, 0, 0, 2269, 0, 24, 2293
"d:\tmp\Open-IM-Server\docker-compose_cfg\grafana.ini", "Ini", 0, 0, 0, 0, 0, 0, 0, 0, 0, 995, 0, 0, 0, 0, 0, 0, 1, 289, 1285
"d:\tmp\Open-IM-Server\docker-compose_cfg\node-exporter-full_rev1.json", "JSON", 0, 0, 0, 0, 0, 0, 0, 0, 0, 0, 0, 7253, 0, 0, 0, 0, 0, 0, 7253
"d:\tmp\Open-IM-Server\docker-compose_cfg\prometheus-compose.yml", "YAML", 0, 0, 0, 0, 0, 0, 0, 0, 64, 0, 0, 0, 0, 0, 0, 0, 1, 25, 90
"d:\tmp\Open-IM-Server\go.mod", "Go Module File", 0, 0, 0, 0, 0, 0, 0, 73, 0, 0, 0, 0, 0, 0, 0, 0, 0, 4, 77
"d:\tmp\Open-IM-Server\go.sum", "Go Checksum File", 0, 0, 0, 0, 0, 0, 0, 0, 0, 0, 1122, 0, 0, 0, 0, 0, 0, 1, 1123
"d:\tmp\Open-IM-Server\init_docker.sh", "Shell Script", 0, 7, 0, 0, 0, 0, 0, 0, 0, 0, 0, 0, 0, 0, 0, 0, 1, 2, 10
"d:\tmp\Open-IM-Server\install_im_server.sh", "Shell Script", 0, 15, 0, 0, 0, 0, 0, 0, 0, 0, 0, 0, 0, 0, 0, 0, 1, 4, 20
"d:\tmp\Open-IM-Server\internal\api\auth\auth.go", "go", 173, 0, 0, 0, 0, 0, 0, 0, 0, 0, 0, 0, 0, 0, 0, 0, 47, 16, 236
"d:\tmp\Open-IM-Server\internal\api\client_init\init_config.go", "go", 70, 0, 0, 0, 0, 0, 0, 0, 0, 0, 0, 0, 0, 0, 0, 0, 0, 6, 76
"d:\tmp\Open-IM-Server\internal\api\conversation\conversation.go", "go", 276, 0, 0, 0, 0, 0, 0, 0, 0, 0, 0, 0, 0, 0, 0, 0, 39, 14, 329
"d:\tmp\Open-IM-Server\internal\api\friend\friend.go", "go", 477, 0, 0, 0, 0, 0, 0, 0, 0, 0, 0, 0, 0, 0, 0, 0, 145, 57, 679
"d:\tmp\Open-IM-Server\internal\api\group\group.go", "go", 963, 0, 0, 0, 0, 0, 0, 0, 0, 0, 0, 0, 0, 0, 0, 0, 254, 116, 1333
"d:\tmp\Open-IM-Server\internal\api\group\super_group.go", "go", 85, 0, 0, 0, 0, 0, 0, 0, 0, 0, 0, 0, 0, 0, 0, 0, 0, 5, 90
"d:\tmp\Open-IM-Server\internal\api\manage\management_chat.go", "go", 440, 0, 0, 0, 0, 0, 0, 0, 0, 0, 0, 0, 0, 0, 0, 0, 46, 22, 508
"d:\tmp\Open-IM-Server\internal\api\manage\management_user.go", "go", 153, 0, 0, 0, 0, 0, 0, 0, 0, 0, 0, 0, 0, 0, 0, 0, 31, 15, 199
"d:\tmp\Open-IM-Server\internal\api\msg\del_msg.go", "go", 225, 0, 0, 0, 0, 0, 0, 0, 0, 0, 0, 0, 0, 0, 0, 0, 33, 17, 275
"d:\tmp\Open-IM-Server\internal\api\msg\get_max_min_seq.go", "go", 58, 0, 0, 0, 0, 0, 0, 0, 0, 0, 0, 0, 0, 0, 0, 0, 0, 8, 66
"d:\tmp\Open-IM-Server\internal\api\msg\pull_msg.go", "go", 68, 0, 0, 0, 0, 0, 0, 0, 0, 0, 0, 0, 0, 0, 0, 0, 0, 7, 75
"d:\tmp\Open-IM-Server\internal\api\msg\send_msg.go", "go", 92, 0, 0, 0, 0, 0, 0, 0, 0, 0, 0, 0, 0, 0, 0, 0, 0, 12, 104
"d:\tmp\Open-IM-Server\internal\api\office\tag.go", "go", 344, 0, 0, 0, 0, 0, 0, 0, 0, 0, 0, 0, 0, 0, 0, 0, 84, 23, 451
"d:\tmp\Open-IM-Server\internal\api\office\work_moments.go", "go", 542, 0, 0, 0, 0, 0, 0, 0, 0, 0, 0, 0, 0, 0, 0, 0, 99, 31, 672
"d:\tmp\Open-IM-Server\internal\api\organization\organization.go", "go", 508, 0, 0, 0, 0, 0, 0, 0, 0, 0, 0, 0, 0, 0, 0, 0, 144, 45, 697
"d:\tmp\Open-IM-Server\internal\api\third\ali_oss_credential.go", "go", 79, 0, 0, 0, 0, 0, 0, 0, 0, 0, 0, 0, 0, 0, 0, 0, 11, 12, 102
"d:\tmp\Open-IM-Server\internal\api\third\aws_storage_credential.go", "go", 71, 0, 0, 0, 0, 0, 0, 0, 0, 0, 0, 0, 0, 0, 0, 0, 2, 4, 77
"d:\tmp\Open-IM-Server\internal\api\third\fcm_update_token.go", "go", 43, 0, 0, 0, 0, 0, 0, 0, 0, 0, 0, 0, 0, 0, 0, 0, 2, 5, 50
"d:\tmp\Open-IM-Server\internal\api\third\minio_init.go", "go", 82, 0, 0, 0, 0, 0, 0, 0, 0, 0, 0, 0, 0, 0, 0, 0, 16, 4, 102
"d:\tmp\Open-IM-Server\internal\api\third\minio_storage_credential.go", "go", 253, 0, 0, 0, 0, 0, 0, 0, 0, 0, 0, 0, 0, 0, 0, 0, 15, 10, 278
"d:\tmp\Open-IM-Server\internal\api\third\rtc.go", "go", 90, 0, 0, 0, 0, 0, 0, 0, 0, 0, 0, 0, 0, 0, 0, 0, 0, 7, 97
"d:\tmp\Open-IM-Server\internal\api\third\set_app_badge.go", "go", 47, 0, 0, 0, 0, 0, 0, 0, 0, 0, 0, 0, 0, 0, 0, 0, 0, 4, 51
"d:\tmp\Open-IM-Server\internal\api\third\tencent_cloud_storage_credential.go", "go", 49, 0, 0, 0, 0, 0, 0, 0, 0, 0, 0, 0, 0, 0, 0, 0, 23, 7, 79
"d:\tmp\Open-IM-Server\internal\api\user\user.go", "go", 430, 0, 0, 0, 0, 0, 0, 0, 0, 0, 0, 0, 0, 0, 0, 0, 61, 25, 516
"d:\tmp\Open-IM-Server\internal\cms_api\admin\admin.go", "go", 173, 0, 0, 0, 0, 0, 0, 0, 0, 0, 0, 0, 0, 0, 0, 0, 3, 11, 187
"d:\tmp\Open-IM-Server\internal\cms_api\friend\friend.go", "go", 59, 0, 0, 0, 0, 0, 0, 0, 0, 0, 0, 0, 0, 0, 0, 0, 0, 5, 64
"d:\tmp\Open-IM-Server\internal\cms_api\group\group.go", "go", 104, 0, 0, 0, 0, 0, 0, 0, 0, 0, 0, 0, 0, 0, 0, 0, 0, 6, 110
"d:\tmp\Open-IM-Server\internal\cms_api\message_cms\message.go", "go", 56, 0, 0, 0, 0, 0, 0, 0, 0, 0, 0, 0, 0, 0, 0, 0, 0, 4, 60
"d:\tmp\Open-IM-Server\internal\cms_api\middleware\cors.go", "go", 20, 0, 0, 0, 0, 0, 0, 0, 0, 0, 0, 0, 0, 0, 0, 0, 1, 3, 24
"d:\tmp\Open-IM-Server\internal\cms_api\middleware\jwt_auth.go", "go", 22, 0, 0, 0, 0, 0, 0, 0, 0, 0, 0, 0, 0, 0, 0, 0, 1, 4, 27
"d:\tmp\Open-IM-Server\internal\cms_api\prome.go", "go", 11, 0, 0, 0, 0, 0, 0, 0, 0, 0, 0, 0, 0, 0, 0, 0, 0, 4, 15
"d:\tmp\Open-IM-Server\internal\cms_api\router.go", "go", 73, 0, 0, 0, 0, 0, 0, 0, 0, 0, 0, 0, 0, 0, 0, 0, 0, 10, 83
"d:\tmp\Open-IM-Server\internal\cms_api\statistics\statistics.go", "go", 268, 0, 0, 0, 0, 0, 0, 0, 0, 0, 0, 0, 0, 0, 0, 0, 1, 10, 279
"d:\tmp\Open-IM-Server\internal\cms_api\user\user.go", "go", 189, 0, 0, 0, 0, 0, 0, 0, 0, 0, 0, 0, 0, 0, 0, 0, 0, 8, 197
"d:\tmp\Open-IM-Server\internal\cron_task\clear_msg.go", "go", 176, 0, 0, 0, 0, 0, 0, 0, 0, 0, 0, 0, 0, 0, 0, 0, 14, 11, 201
"d:\tmp\Open-IM-Server\internal\cron_task\clear_msg_test.go", "go", 31, 0, 0, 0, 0, 0, 0, 0, 0, 0, 0, 0, 0, 0, 0, 0, 0, 4, 35
"d:\tmp\Open-IM-Server\internal\cron_task\cron_task.go", "go", 66, 0, 0, 0, 0, 0, 0, 0, 0, 0, 0, 0, 0, 0, 0, 0, 8, 7, 81
"d:\tmp\Open-IM-Server\internal\cron_task\test\main.go", "go", 1, 0, 0, 0, 0, 0, 0, 0, 0, 0, 0, 0, 0, 0, 0, 0, 4, 2, 7
"d:\tmp\Open-IM-Server\internal\demo\register\CreateTencentSMSClient_test.go", "go", 11, 0, 0, 0, 0, 0, 0, 0, 0, 0, 0, 0, 0, 0, 0, 0, 0, 4, 15
"d:\tmp\Open-IM-Server\internal\demo\register\ali_sms.go", "go", 47, 0, 0, 0, 0, 0, 0, 0, 0, 0, 0, 0, 0, 0, 0, 0, 8, 5, 60
"d:\tmp\Open-IM-Server\internal\demo\register\check_login.go", "go", 78, 0, 0, 0, 0, 0, 0, 0, 0, 0, 0, 0, 0, 0, 0, 0, 2, 10, 90
"d:\tmp\Open-IM-Server\internal\demo\register\invitation_code.go", "go", 111, 0, 0, 0, 0, 0, 0, 0, 0, 0, 0, 0, 0, 0, 0, 0, 0, 13, 124
"d:\tmp\Open-IM-Server\internal\demo\register\ip_limit.go", "go", 191, 0, 0, 0, 0, 0, 0, 0, 0, 0, 0, 0, 0, 0, 0, 0, 11, 24, 226
"d:\tmp\Open-IM-Server\internal\demo\register\login.go", "go", 88, 0, 0, 0, 0, 0, 0, 0, 0, 0, 0, 0, 0, 0, 0, 0, 0, 7, 95
"d:\tmp\Open-IM-Server\internal\demo\register\onboarding_process.go", "go", 279, 0, 0, 0, 0, 0, 0, 0, 0, 0, 0, 0, 0, 0, 0, 0, 10, 25, 314
"d:\tmp\Open-IM-Server\internal\demo\register\register_import_friend.go", "go", 48, 0, 0, 0, 0, 0, 0, 0, 0, 0, 0, 0, 0, 0, 0, 0, 0, 5, 53
"d:\tmp\Open-IM-Server\internal\demo\register\reset_password.go", "go", 56, 0, 0, 0, 0, 0, 0, 0, 0, 0, 0, 0, 0, 0, 0, 0, 0, 5, 61
"d:\tmp\Open-IM-Server\internal\demo\register\send_code.go", "go", 126, 0, 0, 0, 0, 0, 0, 0, 0, 0, 0, 0, 0, 0, 0, 0, 59, 11, 196
"d:\tmp\Open-IM-Server\internal\demo\register\set_password.go", "go", 177, 0, 0, 0, 0, 0, 0, 0, 0, 0, 0, 0, 0, 0, 0, 0, 4, 9, 190
"d:\tmp\Open-IM-Server\internal\demo\register\sms_interface.go", "go", 4, 0, 0, 0, 0, 0, 0, 0, 0, 0, 0, 0, 0, 0, 0, 0, 0, 2, 6
"d:\tmp\Open-IM-Server\internal\demo\register\tencent_sms.go", "go", 46, 0, 0, 0, 0, 0, 0, 0, 0, 0, 0, 0, 0, 0, 0, 0, 3, 6, 55
"d:\tmp\Open-IM-Server\internal\demo\register\verify.go", "go", 79, 0, 0, 0, 0, 0, 0, 0, 0, 0, 0, 0, 0, 0, 0, 0, 0, 8, 87
"d:\tmp\Open-IM-Server\internal\msg_gateway\gate\batch_push.go", "go", 72, 0, 0, 0, 0, 0, 0, 0, 0, 0, 0, 0, 0, 0, 0, 0, 35, 11, 118
"d:\tmp\Open-IM-Server\internal\msg_gateway\gate\callback.go", "go", 82, 0, 0, 0, 0, 0, 0, 0, 0, 0, 0, 0, 0, 0, 0, 0, 0, 5, 87
"d:\tmp\Open-IM-Server\internal\msg_gateway\gate\init.go", "go", 40, 0, 0, 0, 0, 0, 0, 0, 0, 0, 0, 0, 0, 0, 0, 0, 0, 9, 49
"d:\tmp\Open-IM-Server\internal\msg_gateway\gate\logic.go", "go", 378, 0, 0, 0, 0, 0, 0, 0, 0, 0, 0, 0, 0, 0, 0, 0, 3, 16, 397
"d:\tmp\Open-IM-Server\internal\msg_gateway\gate\open_im_media\room.go", "go", 14, 0, 0, 0, 0, 0, 0, 0, 0, 0, 0, 0, 0, 0, 0, 0, 1, 8, 23
"d:\tmp\Open-IM-Server\internal\msg_gateway\gate\relay_rpc_server.go", "go", 340, 0, 0, 0, 0, 0, 0, 0, 0, 0, 0, 0, 0, 0, 0, 0, 12, 21, 373
"d:\tmp\Open-IM-Server\internal\msg_gateway\gate\validate.go", "go", 99, 0, 0, 0, 0, 0, 0, 0, 0, 0, 0, 0, 0, 0, 0, 0, 6, 9, 114
"d:\tmp\Open-IM-Server\internal\msg_gateway\gate\ws_server.go", "go", 443, 0, 0, 0, 0, 0, 0, 0, 0, 0, 0, 0, 0, 0, 0, 0, 32, 27, 502
"d:\tmp\Open-IM-Server\internal\msg_transfer\logic\db.go", "go", 24, 0, 0, 0, 0, 0, 0, 0, 0, 0, 0, 0, 0, 0, 0, 0, 2, 4, 30
"d:\tmp\Open-IM-Server\internal\msg_transfer\logic\init.go", "go", 71, 0, 0, 0, 0, 0, 0, 0, 0, 0, 0, 0, 0, 0, 0, 0, 3, 6, 80
"d:\tmp\Open-IM-Server\internal\msg_transfer\logic\online_history_msg_handler.go", "go", 346, 0, 0, 0, 0, 0, 0, 0, 0, 0, 0, 0, 0, 0, 0, 0, 185, 32, 563
"d:\tmp\Open-IM-Server\internal\msg_transfer\logic\online_msg_to_mongo_handler.go", "go", 78, 0, 0, 0, 0, 0, 0, 0, 0, 0, 0, 0, 0, 0, 0, 0, 0, 8, 86
"d:\tmp\Open-IM-Server\internal\msg_transfer\logic\persistent_msg_handler.go", "go", 83, 0, 0, 0, 0, 0, 0, 0, 0, 0, 0, 0, 0, 0, 0, 0, 8, 10, 101
"d:\tmp\Open-IM-Server\internal\push\content_struct\content.go", "go", 67, 0, 0, 0, 0, 0, 0, 0, 0, 0, 0, 0, 0, 0, 0, 0, 6, 13, 86
"d:\tmp\Open-IM-Server\internal\push\fcm\push.go", "go", 114, 0, 0, 0, 0, 0, 0, 0, 0, 0, 0, 0, 0, 0, 0, 0, 8, 8, 130
"d:\tmp\Open-IM-Server\internal\push\fcm\push_test.go", "go", 13, 0, 0, 0, 0, 0, 0, 0, 0, 0, 0, 0, 0, 0, 0, 0, 0, 3, 16
"d:\tmp\Open-IM-Server\internal\push\getui\push.go", "go", 236, 0, 0, 0, 0, 0, 0, 0, 0, 0, 0, 0, 0, 0, 0, 0, 1, 23, 260
"d:\tmp\Open-IM-Server\internal\push\jpush\common\JGPlatform.go", "go", 11, 0, 0, 0, 0, 0, 0, 0, 0, 0, 0, 0, 0, 0, 0, 0, 0, 3, 14
"d:\tmp\Open-IM-Server\internal\push\jpush\push.go", "go", 71, 0, 0, 0, 0, 0, 0, 0, 0, 0, 0, 0, 0, 0, 0, 0, 0, 13, 84
"d:\tmp\Open-IM-Server\internal\push\jpush\requestBody\audience.go", "go", 39, 0, 0, 0, 0, 0, 0, 0, 0, 0, 0, 0, 0, 0, 0, 0, 4, 11, 54
"d:\tmp\Open-IM-Server\internal\push\jpush\requestBody\message.go", "go", 22, 0, 0, 0, 0, 0, 0, 0, 0, 0, 0, 0, 0, 0, 0, 0, 0, 6, 28
"d:\tmp\Open-IM-Server\internal\push\jpush\requestBody\notification.go", "go", 44, 0, 0, 0, 0, 0, 0, 0, 0, 0, 0, 0, 0, 0, 0, 0, 0, 9, 53
"d:\tmp\Open-IM-Server\internal\push\jpush\requestBody\options.go", "go", 7, 0, 0, 0, 0, 0, 0, 0, 0, 0, 0, 0, 0, 0, 0, 0, 0, 3, 10
"d:\tmp\Open-IM-Server\internal\push\jpush\requestBody\platform.go", "go", 71, 0, 0, 0, 0, 0, 0, 0, 0, 0, 0, 0, 0, 0, 0, 0, 0, 13, 84
"d:\tmp\Open-IM-Server\internal\push\jpush\requestBody\pushObj.go", "go", 23, 0, 0, 0, 0, 0, 0, 0, 0, 0, 0, 0, 0, 0, 0, 0, 0, 6, 29
"d:\tmp\Open-IM-Server\internal\push\logic\callback.go", "go", 147, 0, 0, 0, 0, 0, 0, 0, 0, 0, 0, 0, 0, 0, 0, 0, 0, 6, 153
"d:\tmp\Open-IM-Server\internal\push\logic\init.go", "go", 55, 0, 0, 0, 0, 0, 0, 0, 0, 0, 0, 0, 0, 0, 0, 0, 6, 9, 70
"d:\tmp\Open-IM-Server\internal\push\logic\push_handler.go", "go", 59, 0, 0, 0, 0, 0, 0, 0, 0, 0, 0, 0, 0, 0, 0, 0, 8, 5, 72
"d:\tmp\Open-IM-Server\internal\push\logic\push_rpc_server.go", "go", 95, 0, 0, 0, 0, 0, 0, 0, 0, 0, 0, 0, 0, 0, 0, 0, 2, 9, 106
"d:\tmp\Open-IM-Server\internal\push\logic\push_to_client.go", "go", 272, 0, 0, 0, 0, 0, 0, 0, 0, 0, 0, 0, 0, 0, 0, 0, 12, 18, 302
"d:\tmp\Open-IM-Server\internal\push\logic\tpns.go", "go", 30, 0, 0, 0, 0, 0, 0, 0, 0, 0, 0, 0, 0, 0, 0, 0, 1, 4, 35
"d:\tmp\Open-IM-Server\internal\push\mobpush\common\getSign.go", "go", 15, 0, 0, 0, 0, 0, 0, 0, 0, 0, 0, 0, 0, 0, 0, 0, 0, 4, 19
"d:\tmp\Open-IM-Server\internal\push\mobpush\push.go", "go", 62, 0, 0, 0, 0, 0, 0, 0, 0, 0, 0, 0, 0, 0, 0, 0, 0, 14, 76
"d:\tmp\Open-IM-Server\internal\push\mobpush\requestParams\pushForward.go", "go", 11, 0, 0, 0, 0, 0, 0, 0, 0, 0, 0, 0, 0, 0, 0, 0, 0, 4, 15
"d:\tmp\Open-IM-Server\internal\push\mobpush\requestParams\pushNotify.go", "go", 19, 0, 0, 0, 0, 0, 0, 0, 0, 0, 0, 0, 0, 0, 0, 0, 0, 8, 27
"d:\tmp\Open-IM-Server\internal\push\mobpush\requestParams\pushObj.go", "go", 23, 0, 0, 0, 0, 0, 0, 0, 0, 0, 0, 0, 0, 0, 0, 0, 0, 6, 29
"d:\tmp\Open-IM-Server\internal\push\mobpush\requestParams\pushTarget.go", "go", 11, 0, 0, 0, 0, 0, 0, 0, 0, 0, 0, 0, 0, 0, 0, 0, 0, 3, 14
"d:\tmp\Open-IM-Server\internal\push\push_interface.go", "go", 15, 0, 0, 0, 0, 0, 0, 0, 0, 0, 0, 0, 0, 0, 0, 0, 0, 6, 21
"d:\tmp\Open-IM-Server\internal\push\sdk\tpns-server-sdk-go\go\auth\auth.go", "go", 46, 0, 0, 0, 0, 0, 0, 0, 0, 0, 0, 0, 0, 0, 0, 0, 8, 9, 63
"d:\tmp\Open-IM-Server\internal\push\sdk\tpns-server-sdk-go\go\client\client.go", "go", 16, 0, 0, 0, 0, 0, 0, 0, 0, 0, 0, 0, 0, 0, 0, 0, 0, 3, 19
"d:\tmp\Open-IM-Server\internal\push\sdk\tpns-server-sdk-go\go\common\http_helper.go", "go", 51, 0, 0, 0, 0, 0, 0, 0, 0, 0, 0, 0, 0, 0, 0, 0, 3, 9, 63
"d:\tmp\Open-IM-Server\internal\push\sdk\tpns-server-sdk-go\go\common\json_helper.go", "go", 6, 0, 0, 0, 0, 0, 0, 0, 0, 0, 0, 0, 0, 0, 0, 0, 0, 3, 9
"d:\tmp\Open-IM-Server\internal\push\sdk\tpns-server-sdk-go\go\def.go", "go", 160, 0, 0, 0, 0, 0, 0, 0, 0, 0, 0, 0, 0, 0, 0, 0, 5, 92, 257
"d:\tmp\Open-IM-Server\internal\push\sdk\tpns-server-sdk-go\go\req\req.go", "go", 344, 0, 0, 0, 0, 0, 0, 0, 0, 0, 0, 0, 0, 0, 0, 0, 8, 52, 404
"d:\tmp\Open-IM-Server\internal\rpc\admin_cms\admin_cms.go", "go", 661, 0, 0, 0, 0, 0, 0, 0, 0, 0, 0, 0, 0, 0, 0, 0, 17, 43, 721
"d:\tmp\Open-IM-Server\internal\rpc\auth\auth.go", "go", 162, 0, 0, 0, 0, 0, 0, 0, 0, 0, 0, 0, 0, 0, 0, 0, 13, 17, 192
"d:\tmp\Open-IM-Server\internal\rpc\cache\cache.go", "go", 163, 0, 0, 0, 0, 0, 0, 0, 0, 0, 0, 0, 0, 0, 0, 0, 5, 13, 181
"d:\tmp\Open-IM-Server\internal\rpc\conversation\conversaion.go", "go", 211, 0, 0, 0, 0, 0, 0, 0, 0, 0, 0, 0, 0, 0, 0, 0, 6, 14, 231
"d:\tmp\Open-IM-Server\internal\rpc\friend\callback.go", "go", 41, 0, 0, 0, 0, 0, 0, 0, 0, 0, 0, 0, 0, 0, 0, 0, 2, 3, 46
"d:\tmp\Open-IM-Server\internal\rpc\friend\friend.go", "go", 590, 0, 0, 0, 0, 0, 0, 0, 0, 0, 0, 0, 0, 0, 0, 0, 111, 53, 754
"d:\tmp\Open-IM-Server\internal\rpc\group\callback.go", "go", 75, 0, 0, 0, 0, 0, 0, 0, 0, 0, 0, 0, 0, 0, 0, 0, 1, 3, 79
"d:\tmp\Open-IM-Server\internal\rpc\group\group.go", "go", 1691, 0, 0, 0, 0, 0, 0, 0, 0, 0, 0, 0, 0, 0, 0, 0, 80, 99, 1870
"d:\tmp\Open-IM-Server\internal\rpc\group\super_group.go", "go", 62, 0, 0, 0, 0, 0, 0, 0, 0, 0, 0, 0, 0, 0, 0, 0, 2, 4, 68
"d:\tmp\Open-IM-Server\internal\rpc\msg\callback.go", "go", 214, 0, 0, 0, 0, 0, 0, 0, 0, 0, 0, 0, 0, 0, 0, 0, 1, 9, 224
"d:\tmp\Open-IM-Server\internal\rpc\msg\chat.go", "go", 59, 0, 0, 0, 0, 0, 0, 0, 0, 0, 0, 0, 0, 0, 0, 0, 0, 5, 64
"d:\tmp\Open-IM-Server\internal\rpc\msg\conversation_notification.go", "go", 75, 0, 0, 0, 0, 0, 0, 0, 0, 0, 0, 0, 0, 0, 0, 0, 5, 6, 86
"d:\tmp\Open-IM-Server\internal\rpc\msg\del_msg.go", "go", 54, 0, 0, 0, 0, 0, 0, 0, 0, 0, 0, 0, 0, 0, 0, 0, 0, 2, 56
"d:\tmp\Open-IM-Server\internal\rpc\msg\friend_notification.go", "go", 149, 0, 0, 0, 0, 0, 0, 0, 0, 0, 0, 0, 0, 0, 0, 0, 0, 17, 166
"d:\tmp\Open-IM-Server\internal\rpc\msg\group_notification.go", "go", 486, 0, 0, 0, 0, 0, 0, 0, 0, 0, 0, 0, 0, 0, 0, 0, 64, 41, 591
"d:\tmp\Open-IM-Server\internal\rpc\msg\msg_notification.go", "go", 42, 0, 0, 0, 0, 0, 0, 0, 0, 0, 0, 0, 0, 0, 0, 0, 0, 6, 48
"d:\tmp\Open-IM-Server\internal\rpc\msg\msg_status.go", "go", 42, 0, 0, 0, 0, 0, 0, 0, 0, 0, 0, 0, 0, 0, 0, 0, 0, 5, 47
"d:\tmp\Open-IM-Server\internal\rpc\msg\organization_notification.go", "go", 66, 0, 0, 0, 0, 0, 0, 0, 0, 0, 0, 0, 0, 0, 0, 0, 0, 13, 79
"d:\tmp\Open-IM-Server\internal\rpc\msg\pull_message.go", "go", 113, 0, 0, 0, 0, 0, 0, 0, 0, 0, 0, 0, 0, 0, 0, 0, 3, 11, 127
"d:\tmp\Open-IM-Server\internal\rpc\msg\query_msg.go", "go", 47, 0, 0, 0, 0, 0, 0, 0, 0, 0, 0, 0, 0, 0, 0, 0, 0, 5, 52
"d:\tmp\Open-IM-Server\internal\rpc\msg\rpcChat.go", "go", 128, 0, 0, 0, 0, 0, 0, 0, 0, 0, 0, 0, 0, 0, 0, 0, 11, 14, 153
"d:\tmp\Open-IM-Server\internal\rpc\msg\send_msg.go", "go", 1061, 0, 0, 0, 0, 0, 0, 0, 0, 0, 0, 0, 0, 0, 0, 0, 25, 47, 1133
"d:\tmp\Open-IM-Server\internal\rpc\msg\super_group_notification.go", "go", 18, 0, 0, 0, 0, 0, 0, 0, 0, 0, 0, 0, 0, 0, 0, 0, 16, 4, 38
"d:\tmp\Open-IM-Server\internal\rpc\msg\tag_send_msg.go", "go", 49, 0, 0, 0, 0, 0, 0, 0, 0, 0, 0, 0, 0, 0, 0, 0, 0, 4, 53
"d:\tmp\Open-IM-Server\internal\rpc\msg\work_moments_notification.go", "go", 39, 0, 0, 0, 0, 0, 0, 0, 0, 0, 0, 0, 0, 0, 0, 0, 0, 4, 43
"d:\tmp\Open-IM-Server\internal\rpc\office\office.go", "go", 694, 0, 0, 0, 0, 0, 0, 0, 0, 0, 0, 0, 0, 0, 0, 0, 8, 32, 734
"d:\tmp\Open-IM-Server\internal\rpc\organization\organization.go", "go", 536, 0, 0, 0, 0, 0, 0, 0, 0, 0, 0, 0, 0, 0, 0, 0, 5, 35, 576
"d:\tmp\Open-IM-Server\internal\rpc\user\callback.go", "go", 1, 0, 0, 0, 0, 0, 0, 0, 0, 0, 0, 0, 0, 0, 0, 0, 0, 1, 2
"d:\tmp\Open-IM-Server\internal\rpc\user\user.go", "go", 669, 0, 0, 0, 0, 0, 0, 0, 0, 0, 0, 0, 0, 0, 0, 0, 16, 41, 726
"d:\tmp\Open-IM-Server\internal\utils\callback.go", "go", 1, 0, 0, 0, 0, 0, 0, 0, 0, 0, 0, 0, 0, 0, 0, 0, 0, 1, 2
"d:\tmp\Open-IM-Server\internal\utils\cors_middleware_test.go", "go", 55, 0, 0, 0, 0, 0, 0, 0, 0, 0, 0, 0, 0, 0, 0, 0, 4, 10, 69
"d:\tmp\Open-IM-Server\internal\utils\get_server_ip_test.go", "go", 1, 0, 0, 0, 0, 0, 0, 0, 0, 0, 0, 0, 0, 0, 0, 0, 0, 1, 2
"d:\tmp\Open-IM-Server\internal\utils\id.go", "go", 21, 0, 0, 0, 0, 0, 0, 0, 0, 0, 0, 0, 0, 0, 0, 0, 1, 7, 29
"d:\tmp\Open-IM-Server\internal\utils\id_test.go", "go", 13, 0, 0, 0, 0, 0, 0, 0, 0, 0, 0, 0, 0, 0, 0, 0, 0, 3, 16
"d:\tmp\Open-IM-Server\internal\utils\image_test.go", "go", 21, 0, 0, 0, 0, 0, 0, 0, 0, 0, 0, 0, 0, 0, 0, 0, 1, 7, 29
"d:\tmp\Open-IM-Server\internal\utils\jwt_token_test.go", "go", 73, 0, 0, 0, 0, 0, 0, 0, 0, 0, 0, 0, 0, 0, 0, 0, 3, 14, 90
"d:\tmp\Open-IM-Server\internal\utils\local_cache.go", "go", 73, 0, 0, 0, 0, 0, 0, 0, 0, 0, 0, 0, 0, 0, 0, 0, 0, 10, 83
"d:\tmp\Open-IM-Server\internal\utils\md5_test.go", "go", 12, 0, 0, 0, 0, 0, 0, 0, 0, 0, 0, 0, 0, 0, 0, 0, 0, 5, 17
"d:\tmp\Open-IM-Server\internal\utils\platform_number_id_to_name_test.go", "go", 38, 0, 0, 0, 0, 0, 0, 0, 0, 0, 0, 0, 0, 0, 0, 0, 0, 9, 47
"d:\tmp\Open-IM-Server\internal\utils\utils.go", "go", 43, 0, 0, 0, 0, 0, 0, 0, 0, 0, 0, 0, 0, 0, 0, 0, 0, 7, 50
"d:\tmp\Open-IM-Server\pkg\base_info\auth_api_struct.go", "go", 46, 0, 0, 0, 0, 0, 0, 0, 0, 0, 0, 0, 0, 0, 0, 0, 12, 12, 70
"d:\tmp\Open-IM-Server\pkg\base_info\aws_api_struct.go", "go", 17, 0, 0, 0, 0, 0, 0, 0, 0, 0, 0, 0, 0, 0, 0, 0, 0, 4, 21
"d:\tmp\Open-IM-Server\pkg\base_info\client_init.go", "go", 17, 0, 0, 0, 0, 0, 0, 0, 0, 0, 0, 0, 0, 0, 0, 0, 0, 5, 22
"d:\tmp\Open-IM-Server\pkg\base_info\common.go", "go", 9, 0, 0, 0, 0, 0, 0, 0, 0, 0, 0, 0, 0, 0, 0, 0, 0, 3, 12
"d:\tmp\Open-IM-Server\pkg\base_info\conversation_api_struct.go", "go", 116, 0, 0, 0, 0, 0, 0, 0, 0, 0, 0, 0, 0, 0, 0, 0, 0, 15, 131
"d:\tmp\Open-IM-Server\pkg\base_info\cos_api_struct.go", "go", 15, 0, 0, 0, 0, 0, 0, 0, 0, 0, 0, 0, 0, 0, 0, 0, 0, 6, 21
"d:\tmp\Open-IM-Server\pkg\base_info\friend_api_struct.go", "go", 114, 0, 0, 0, 0, 0, 0, 0, 0, 0, 0, 0, 0, 0, 0, 0, 6, 17, 137
"d:\tmp\Open-IM-Server\pkg\base_info\group_api_struct.go", "go", 236, 0, 0, 0, 0, 0, 0, 0, 0, 0, 0, 0, 0, 0, 0, 0, 31, 36, 303
"d:\tmp\Open-IM-Server\pkg\base_info\manage_api_struct.go", "go", 119, 0, 0, 0, 0, 0, 0, 0, 0, 0, 0, 0, 0, 0, 0, 0, 1, 13, 133
"d:\tmp\Open-IM-Server\pkg\base_info\msg.go", "go", 40, 0, 0, 0, 0, 0, 0, 0, 0, 0, 0, 0, 0, 0, 0, 0, 5, 7, 52
"d:\tmp\Open-IM-Server\pkg\base_info\office_struct.go", "go", 72, 0, 0, 0, 0, 0, 0, 0, 0, 0, 0, 0, 0, 0, 0, 0, 0, 17, 89
"d:\tmp\Open-IM-Server\pkg\base_info\organization_api_struct.go", "go", 105, 0, 0, 0, 0, 0, 0, 0, 0, 0, 0, 0, 0, 0, 0, 0, 0, 17, 122
"d:\tmp\Open-IM-Server\pkg\base_info\oss_api_struct.go", "go", 19, 0, 0, 0, 0, 0, 0, 0, 0, 0, 0, 0, 0, 0, 0, 0, 0, 4, 23
"d:\tmp\Open-IM-Server\pkg\base_info\pagination.go", "go", 5, 0, 0, 0, 0, 0, 0, 0, 0, 0, 0, 0, 0, 0, 0, 0, 0, 2, 7
"d:\tmp\Open-IM-Server\pkg\base_info\public_struct.go", "go", 27, 0, 0, 0, 0, 0, 0, 0, 0, 0, 0, 0, 0, 0, 0, 0, 107, 10, 144
"d:\tmp\Open-IM-Server\pkg\base_info\super_group.go", "go", 13, 0, 0, 0, 0, 0, 0, 0, 0, 0, 0, 0, 0, 0, 0, 0, 0, 5, 18
"d:\tmp\Open-IM-Server\pkg\base_info\swagger_example.go", "go", 9, 0, 0, 0, 0, 0, 0, 0, 0, 0, 0, 0, 0, 0, 0, 0, 0, 3, 12
"d:\tmp\Open-IM-Server\pkg\base_info\third_api_struct.go", "go", 103, 0, 0, 0, 0, 0, 0, 0, 0, 0, 0, 0, 0, 0, 0, 0, 3, 18, 124
"d:\tmp\Open-IM-Server\pkg\base_info\user_api_struct.go", "go", 50, 0, 0, 0, 0, 0, 0, 0, 0, 0, 0, 0, 0, 0, 0, 0, 0, 9, 59
"d:\tmp\Open-IM-Server\pkg\base_info\work_moments_struct.go", "go", 115, 0, 0, 0, 0, 0, 0, 0, 0, 0, 0, 0, 0, 0, 0, 0, 0, 24, 139
"d:\tmp\Open-IM-Server\pkg\call_back_struct\common.go", "go", 40, 0, 0, 0, 0, 0, 0, 0, 0, 0, 0, 0, 0, 0, 0, 0, 0, 6, 46
"d:\tmp\Open-IM-Server\pkg\call_back_struct\friend.go", "go", 11, 0, 0, 0, 0, 0, 0, 0, 0, 0, 0, 0, 0, 0, 0, 0, 0, 3, 14
"d:\tmp\Open-IM-Server\pkg\call_back_struct\group.go", "go", 24, 0, 0, 0, 0, 0, 0, 0, 0, 0, 0, 0, 0, 0, 0, 0, 0, 4, 28
"d:\tmp\Open-IM-Server\pkg\call_back_struct\message.go", "go", 54, 0, 0, 0, 0, 0, 0, 0, 0, 0, 0, 0, 0, 0, 0, 0, 0, 12, 66
"d:\tmp\Open-IM-Server\pkg\call_back_struct\msg_gateway.go", "go", 23, 0, 0, 0, 0, 0, 0, 0, 0, 0, 0, 0, 0, 0, 0, 0, 0, 7, 30
"d:\tmp\Open-IM-Server\pkg\call_back_struct\push.go", "go", 34, 0, 0, 0, 0, 0, 0, 0, 0, 0, 0, 0, 0, 0, 0, 0, 0, 6, 40
"d:\tmp\Open-IM-Server\pkg\cms_api_struct\admin.go", "go", 36, 0, 0, 0, 0, 0, 0, 0, 0, 0, 0, 0, 0, 0, 0, 0, 0, 10, 46
"d:\tmp\Open-IM-Server\pkg\cms_api_struct\common.go", "go", 9, 0, 0, 0, 0, 0, 0, 0, 0, 0, 0, 0, 0, 0, 0, 0, 0, 3, 12
"d:\tmp\Open-IM-Server\pkg\cms_api_struct\friend.go", "go", 22, 0, 0, 0, 0, 0, 0, 0, 0, 0, 0, 0, 0, 0, 0, 0, 0, 4, 26
"d:\tmp\Open-IM-Server\pkg\cms_api_struct\group.go", "go", 58, 0, 0, 0, 0, 0, 0, 0, 0, 0, 0, 0, 0, 0, 0, 0, 0, 7, 65
"d:\tmp\Open-IM-Server\pkg\cms_api_struct\message_cms.go", "go", 44, 0, 0, 0, 0, 0, 0, 0, 0, 0, 0, 0, 0, 0, 0, 0, 0, 5, 49
"d:\tmp\Open-IM-Server\pkg\cms_api_struct\statistics.go", "go", 76, 0, 0, 0, 0, 0, 0, 0, 0, 0, 0, 0, 0, 0, 0, 0, 3, 12, 91
"d:\tmp\Open-IM-Server\pkg\cms_api_struct\user.go", "go", 64, 0, 0, 0, 0, 0, 0, 0, 0, 0, 0, 0, 0, 0, 0, 0, 0, 13, 77
"d:\tmp\Open-IM-Server\pkg\common\callback\callback.go", "go", 16, 0, 0, 0, 0, 0, 0, 0, 0, 0, 0, 0, 0, 0, 0, 0, 5, 3, 24
"d:\tmp\Open-IM-Server\pkg\common\config\config.go", "go", 667, 0, 0, 0, 0, 0, 0, 0, 0, 0, 0, 0, 0, 0, 0, 0, 9, 54, 730
"d:\tmp\Open-IM-Server\pkg\common\constant\constant.go", "go", 250, 0, 0, 0, 0, 0, 0, 0, 0, 0, 0, 0, 0, 0, 0, 0, 37, 58, 345
"d:\tmp\Open-IM-Server\pkg\common\constant\error.go", "go", 74, 0, 0, 0, 0, 0, 0, 0, 0, 0, 0, 0, 0, 0, 0, 0, 1, 13, 88
"d:\tmp\Open-IM-Server\pkg\common\constant\platform_number_id_to_name.go", "go", 63, 0, 0, 0, 0, 0, 0, 0, 0, 0, 0, 0, 0, 0, 0, 0, 5, 7, 75
"d:\tmp\Open-IM-Server\pkg\common\db\RedisModel.go", "go", 399, 0, 0, 0, 0, 0, 0, 0, 0, 0, 0, 0, 0, 0, 0, 0, 9, 32, 440
"d:\tmp\Open-IM-Server\pkg\common\db\batch_insert_chat.go", "go", 159, 0, 0, 0, 0, 0, 0, 0, 0, 0, 0, 0, 0, 0, 0, 0, 116, 10, 285
"d:\tmp\Open-IM-Server\pkg\common\db\model.go", "go", 158, 0, 0, 0, 0, 0, 0, 0, 0, 0, 0, 0, 0, 0, 0, 0, 20, 18, 196
"d:\tmp\Open-IM-Server\pkg\common\db\model_struct.go", "go", 238, 0, 0, 0, 0, 0, 0, 0, 0, 0, 0, 0, 0, 0, 0, 0, 86, 32, 356
"d:\tmp\Open-IM-Server\pkg\common\db\mongoModel.go", "go", 1051, 0, 0, 0, 0, 0, 0, 0, 0, 0, 0, 0, 0, 0, 0, 0, 170, 94, 1315
"d:\tmp\Open-IM-Server\pkg\common\db\mysql.go", "go", 170, 0, 0, 0, 0, 0, 0, 0, 0, 0, 0, 0, 0, 0, 0, 0, 3, 22, 195
"d:\tmp\Open-IM-Server\pkg\common\db\mysql_model\im_mysql_model\client_config.go", "go", 18, 0, 0, 0, 0, 0, 0, 0, 0, 0, 0, 0, 0, 0, 0, 0, 0, 5, 23
"d:\tmp\Open-IM-Server\pkg\common\db\mysql_model\im_mysql_model\conversation_model.go", "go", 87, 0, 0, 0, 0, 0, 0, 0, 0, 0, 0, 0, 0, 0, 0, 0, 6, 14, 107
"d:\tmp\Open-IM-Server\pkg\common\db\mysql_model\im_mysql_model\demo_model.go", "go", 73, 0, 0, 0, 0, 0, 0, 0, 0, 0, 0, 0, 0, 0, 0, 0, 0, 12, 85
"d:\tmp\Open-IM-Server\pkg\common\db\mysql_model\im_mysql_model\file_model.go", "go", 31, 0, 0, 0, 0, 0, 0, 0, 0, 0, 0, 0, 0, 0, 0, 0, 0, 4, 35
"d:\tmp\Open-IM-Server\pkg\common\db\mysql_model\im_mysql_model\friend_model.go", "go", 75, 0, 0, 0, 0, 0, 0, 0, 0, 0, 0, 0, 0, 0, 0, 0, 0, 12, 87
"d:\tmp\Open-IM-Server\pkg\common\db\mysql_model\im_mysql_model\friend_request_model.go", "go", 57, 0, 0, 0, 0, 0, 0, 0, 0, 0, 0, 0, 0, 0, 0, 0, 23, 11, 91
"d:\tmp\Open-IM-Server\pkg\common\db\mysql_model\im_mysql_model\group_member_model.go", "go", 185, 0, 0, 0, 0, 0, 0, 0, 0, 0, 0, 0, 0, 0, 0, 0, 32, 29, 246
"d:\tmp\Open-IM-Server\pkg\common\db\mysql_model\im_mysql_model\group_model.go", "go", 80, 0, 0, 0, 0, 0, 0, 0, 0, 0, 0, 0, 0, 0, 0, 0, 12, 15, 107
"d:\tmp\Open-IM-Server\pkg\common\db\mysql_model\im_mysql_model\group_request_model.go", "go", 73, 0, 0, 0, 0, 0, 0, 0, 0, 0, 0, 0, 0, 0, 0, 0, 92, 15, 180
"d:\tmp\Open-IM-Server\pkg\common\db\mysql_model\im_mysql_model\invitation_model.go", "go", 96, 0, 0, 0, 0, 0, 0, 0, 0, 0, 0, 0, 0, 0, 0, 0, 12, 10, 118
"d:\tmp\Open-IM-Server\pkg\common\db\mysql_model\im_mysql_model\ip_model.go", "go", 87, 0, 0, 0, 0, 0, 0, 0, 0, 0, 0, 0, 0, 0, 0, 0, 3, 17, 107
"d:\tmp\Open-IM-Server\pkg\common\db\mysql_model\im_mysql_model\message_cms.go", "go", 62, 0, 0, 0, 0, 0, 0, 0, 0, 0, 0, 0, 0, 0, 0, 0, 0, 6, 68
"d:\tmp\Open-IM-Server\pkg\common\db\mysql_model\im_mysql_model\organization_model.go", "go", 192, 0, 0, 0, 0, 0, 0, 0, 0, 0, 0, 0, 0, 0, 0, 0, 1, 31, 224
"d:\tmp\Open-IM-Server\pkg\common\db\mysql_model\im_mysql_model\statistics_model.go", "go", 89, 0, 0, 0, 0, 0, 0, 0, 0, 0, 0, 0, 0, 0, 0, 0, 0, 15, 104
"d:\tmp\Open-IM-Server\pkg\common\db\mysql_model\im_mysql_model\user_black_list_model.go", "go", 34, 0, 0, 0, 0, 0, 0, 0, 0, 0, 0, 0, 0, 0, 0, 0, 8, 8, 50
"d:\tmp\Open-IM-Server\pkg\common\db\mysql_model\im_mysql_model\user_model.go", "go", 264, 0, 0, 0, 0, 0, 0, 0, 0, 0, 0, 0, 0, 0, 0, 0, 1, 26, 291
"d:\tmp\Open-IM-Server\pkg\common\db\mysql_model\im_mysql_msg_model\chat_log_model.go", "go", 38, 0, 0, 0, 0, 0, 0, 0, 0, 0, 0, 0, 0, 0, 0, 0, 6, 4, 48
"d:\tmp\Open-IM-Server\pkg\common\db\mysql_model\im_mysql_msg_model\hash_code.go", "go", 13, 0, 0, 0, 0, 0, 0, 0, 0, 0, 0, 0, 0, 0, 0, 0, 0, 4, 17
"d:\tmp\Open-IM-Server\pkg\common\db\redisModel_test.go", "go", 122, 0, 0, 0, 0, 0, 0, 0, 0, 0, 0, 0, 0, 0, 0, 0, 11, 10, 143
"d:\tmp\Open-IM-Server\pkg\common\db\rocks_cache\rocks_cache.go", "go", 530, 0, 0, 0, 0, 0, 0, 0, 0, 0, 0, 0, 0, 0, 0, 0, 3, 39, 572
"d:\tmp\Open-IM-Server\pkg\common\http\http_client.go", "go", 58, 0, 0, 0, 0, 0, 0, 0, 0, 0, 0, 0, 0, 0, 0, 0, 7, 7, 72
"d:\tmp\Open-IM-Server\pkg\common\kafka\consumer.go", "go", 37, 0, 0, 0, 0, 0, 0, 0, 0, 0, 0, 0, 0, 0, 0, 0, 0, 7, 44
"d:\tmp\Open-IM-Server\pkg\common\kafka\consumer_group.go", "go", 41, 0, 0, 0, 0, 0, 0, 0, 0, 0, 0, 0, 0, 0, 0, 0, 6, 5, 52
"d:\tmp\Open-IM-Server\pkg\common\kafka\producer.go", "go", 65, 0, 0, 0, 0, 0, 0, 0, 0, 0, 0, 0, 0, 0, 0, 0, 0, 8, 73
"d:\tmp\Open-IM-Server\pkg\common\log\es_hk.go", "go", 62, 0, 0, 0, 0, 0, 0, 0, 0, 0, 0, 0, 0, 0, 0, 0, 32, 14, 108
"d:\tmp\Open-IM-Server\pkg\common\log\file_line_hk.go", "go", 24, 0, 0, 0, 0, 0, 0, 0, 0, 0, 0, 0, 0, 0, 0, 0, 11, 7, 42
"d:\tmp\Open-IM-Server\pkg\common\log\logrus.go", "go", 161, 0, 0, 0, 0, 0, 0, 0, 0, 0, 0, 0, 0, 0, 0, 0, 20, 22, 203
"d:\tmp\Open-IM-Server\pkg\common\log\time_format.go", "go", 37, 0, 0, 0, 0, 0, 0, 0, 0, 0, 0, 0, 0, 0, 0, 0, 11, 10, 58
"d:\tmp\Open-IM-Server\pkg\common\multi_terminal_login\multi_terminal_login.go", "go", 1, 0, 0, 0, 0, 0, 0, 0, 0, 0, 0, 0, 0, 0, 0, 0, 71, 2, 74
"d:\tmp\Open-IM-Server\pkg\common\prometheus\gather.go", "go", 377, 0, 0, 0, 0, 0, 0, 0, 0, 0, 0, 0, 0, 0, 0, 0, 8, 42, 427
"d:\tmp\Open-IM-Server\pkg\common\prometheus\grpc.go", "go", 29, 0, 0, 0, 0, 0, 0, 0, 0, 0, 0, 0, 0, 0, 0, 0, 0, 7, 36
"d:\tmp\Open-IM-Server\pkg\common\prometheus\prometheus.go", "go", 71, 0, 0, 0, 0, 0, 0, 0, 0, 0, 0, 0, 0, 0, 0, 0, 0, 12, 83
"d:\tmp\Open-IM-Server\pkg\common\token_verify\jwt_token.go", "go", 215, 0, 0, 0, 0, 0, 0, 0, 0, 0, 0, 0, 0, 0, 0, 0, 36, 24, 275
"d:\tmp\Open-IM-Server\pkg\common\token_verify\jwt_token_test.go", "go", 10, 0, 0, 0, 0, 0, 0, 0, 0, 0, 0, 0, 0, 0, 0, 0, 0, 3, 13
"d:\tmp\Open-IM-Server\pkg\common\utils\utils.go", "go", 140, 0, 0, 0, 0, 0, 0, 0, 0, 0, 0, 0, 0, 0, 0, 0, 2, 21, 163
"d:\tmp\Open-IM-Server\pkg\grpc-etcdv3\getcdv3\pool.go", "go", 176, 0, 0, 0, 0, 0, 0, 0, 0, 0, 0, 0, 0, 0, 0, 0, 49, 30, 255
"d:\tmp\Open-IM-Server\pkg\grpc-etcdv3\getcdv3\register.go", "go", 130, 0, 0, 0, 0, 0, 0, 0, 0, 0, 0, 0, 0, 0, 0, 0, 10, 24, 164
"d:\tmp\Open-IM-Server\pkg\grpc-etcdv3\getcdv3\resolver.go", "go", 356, 0, 0, 0, 0, 0, 0, 0, 0, 0, 0, 0, 0, 0, 0, 0, 29, 48, 433
"d:\tmp\Open-IM-Server\pkg\proto\admin_cms\admin_cms.pb.go", "go", 4932, 0, 0, 0, 0, 0, 0, 0, 0, 0, 0, 0, 0, 0, 0, 0, 67, 585, 5584
"d:\tmp\Open-IM-Server\pkg\proto\admin_cms\admin_cms.proto", "Protocol Buffers", 0, 0, 0, 0, 0, 289, 0, 0, 0, 0, 0, 0, 0, 0, 0, 0, 0, 72, 361
"d:\tmp\Open-IM-Server\pkg\proto\auth\auth.pb.go", "go", 890, 0, 0, 0, 0, 0, 0, 0, 0, 0, 0, 0, 0, 0, 0, 0, 24, 115, 1029
"d:\tmp\Open-IM-Server\pkg\proto\auth\auth.proto", "Protocol Buffers", 0, 0, 0, 0, 0, 52, 0, 0, 0, 0, 0, 0, 0, 0, 0, 0, 0, 14, 66
"d:\tmp\Open-IM-Server\pkg\proto\auto_proto.sh", "Shell Script", 0, 17, 0, 0, 0, 0, 0, 0, 0, 0, 0, 0, 0, 0, 0, 0, 2, 11, 30
"d:\tmp\Open-IM-Server\pkg\proto\cache\cache.pb.go", "go", 1165, 0, 0, 0, 0, 0, 0, 0, 0, 0, 0, 0, 0, 0, 0, 0, 40, 146, 1351
"d:\tmp\Open-IM-Server\pkg\proto\cache\cache.proto", "Protocol Buffers", 0, 0, 0, 0, 0, 66, 0, 0, 0, 0, 0, 0, 0, 0, 0, 0, 0, 23, 89
"d:\tmp\Open-IM-Server\pkg\proto\conversation\conversation.pb.go", "go", 380, 0, 0, 0, 0, 0, 0, 0, 0, 0, 0, 0, 0, 0, 0, 0, 13, 56, 449
"d:\tmp\Open-IM-Server\pkg\proto\conversation\conversation.proto", "Protocol Buffers", 0, 0, 0, 0, 0, 37, 0, 0, 0, 0, 0, 0, 0, 0, 0, 0, 0, 5, 42
"d:\tmp\Open-IM-Server\pkg\proto\friend\friend.pb.go", "go", 2601, 0, 0, 0, 0, 0, 0, 0, 0, 0, 0, 0, 0, 0, 0, 0, 49, 321, 2971
"d:\tmp\Open-IM-Server\pkg\proto\friend\friend.proto", "Protocol Buffers", 0, 0, 0, 0, 0, 147, 0, 0, 0, 0, 0, 0, 0, 0, 0, 0, 0, 28, 175
"d:\tmp\Open-IM-Server\pkg\proto\group\group.pb.go", "go", 5618, 0, 0, 0, 0, 0, 0, 0, 0, 0, 0, 0, 0, 0, 0, 0, 74, 667, 6359
"d:\tmp\Open-IM-Server\pkg\proto\group\group.proto", "Protocol Buffers", 0, 0, 0, 0, 0, 332, 0, 0, 0, 0, 0, 0, 0, 0, 0, 0, 0, 87, 419
"d:\tmp\Open-IM-Server\pkg\proto\msg\msg.pb.go", "go", 1498, 0, 0, 0, 0, 0, 0, 0, 0, 0, 0, 0, 0, 0, 0, 0, 33, 170, 1701
"d:\tmp\Open-IM-Server\pkg\proto\msg\msg.proto", "Protocol Buffers", 0, 0, 0, 0, 0, 144, 0, 0, 0, 0, 0, 0, 0, 0, 0, 0, 0, 27, 171
"d:\tmp\Open-IM-Server\pkg\proto\office\office.pb.go", "go", 4159, 0, 0, 0, 0, 0, 0, 0, 0, 0, 0, 0, 0, 0, 0, 0, 64, 507, 4730
"d:\tmp\Open-IM-Server\pkg\proto\office\office.proto", "Protocol Buffers", 0, 0, 0, 0, 0, 254, 0, 0, 0, 0, 0, 0, 0, 0, 0, 0, 0, 50, 304
"d:\tmp\Open-IM-Server\pkg\proto\organization\organization.pb.go", "go", 2878, 0, 0, 0, 0, 0, 0, 0, 0, 0, 0, 0, 0, 0, 0, 0, 45, 341, 3264
"d:\tmp\Open-IM-Server\pkg\proto\organization\organization.proto", "Protocol Buffers", 0, 0, 0, 0, 0, 162, 0, 0, 0, 0, 0, 0, 0, 0, 0, 0, 0, 48, 210
"d:\tmp\Open-IM-Server\pkg\proto\proto_dir.cfg", "Properties", 0, 0, 0, 16, 0, 0, 0, 0, 0, 0, 0, 0, 0, 0, 0, 0, 0, 2, 18
"d:\tmp\Open-IM-Server\pkg\proto\push\push.pb.go", "go", 301, 0, 0, 0, 0, 0, 0, 0, 0, 0, 0, 0, 0, 0, 0, 0, 13, 44, 358
"d:\tmp\Open-IM-Server\pkg\proto\push\push.proto", "Protocol Buffers", 0, 0, 0, 0, 0, 45, 0, 0, 0, 0, 0, 0, 0, 0, 0, 0, 0, 5, 50
"d:\tmp\Open-IM-Server\pkg\proto\relay\relay.pb.go", "go", 1396, 0, 0, 0, 0, 0, 0, 0, 0, 0, 0, 0, 0, 0, 0, 0, 30, 174, 1600
"d:\tmp\Open-IM-Server\pkg\proto\relay\relay.proto", "Protocol Buffers", 0, 0, 0, 0, 0, 91, 0, 0, 0, 0, 0, 0, 0, 0, 0, 0, 0, 11, 102
"d:\tmp\Open-IM-Server\pkg\proto\rtc\rtc.pb.go", "go", 2738, 0, 0, 0, 0, 0, 0, 0, 0, 0, 0, 0, 0, 0, 0, 0, 39, 296, 3073
"d:\tmp\Open-IM-Server\pkg\proto\rtc\rtc.proto", "Protocol Buffers", 0, 0, 0, 0, 0, 234, 0, 0, 0, 0, 0, 0, 0, 0, 0, 0, 0, 45, 279
"d:\tmp\Open-IM-Server\pkg\proto\sdk_ws\wrappers.proto", "Protocol Buffers", 0, 0, 0, 0, 0, 110, 0, 0, 0, 0, 0, 0, 0, 0, 0, 0, 0, 13, 123
"d:\tmp\Open-IM-Server\pkg\proto\sdk_ws\ws.pb.go", "go", 5564, 0, 0, 0, 0, 0, 0, 0, 0, 0, 0, 0, 0, 0, 0, 0, 56, 632, 6252
"d:\tmp\Open-IM-Server\pkg\proto\sdk_ws\ws.proto", "Protocol Buffers", 0, 0, 0, 0, 0, 567, 0, 0, 0, 0, 0, 0, 0, 0, 0, 0, 0, 133, 700
"d:\tmp\Open-IM-Server\pkg\proto\user\user.pb.go", "go", 3288, 0, 0, 0, 0, 0, 0, 0, 0, 0, 0, 0, 0, 0, 0, 0, 51, 395, 3734
"d:\tmp\Open-IM-Server\pkg\proto\user\user.proto", "Protocol Buffers", 0, 0, 0, 0, 0, 186, 0, 0, 0, 0, 0, 0, 0, 0, 0, 0, 0, 47, 233
"d:\tmp\Open-IM-Server\pkg\statistics\statistics.go", "go", 36, 0, 0, 0, 0, 0, 0, 0, 0, 0, 0, 0, 0, 0, 0, 0, 0, 5, 41
"d:\tmp\Open-IM-Server\pkg\tools\retry\retry.go", "go", 163, 0, 0, 0, 0, 0, 0, 0, 0, 0, 0, 0, 0, 0, 0, 0, 6, 16, 185
"d:\tmp\Open-IM-Server\pkg\tools\retry\stratey.go", "go", 44, 0, 0, 0, 0, 0, 0, 0, 0, 0, 0, 0, 0, 0, 0, 0, 0, 13, 57
"d:\tmp\Open-IM-Server\pkg\tools\splitter\tools.go", "go", 26, 0, 0, 0, 0, 0, 0, 0, 0, 0, 0, 0, 0, 0, 0, 0, 0, 3, 29
"d:\tmp\Open-IM-Server\pkg\utils\base64.go", "go", 9, 0, 0, 0, 0, 0, 0, 0, 0, 0, 0, 0, 0, 0, 0, 0, 0, 4, 13
"d:\tmp\Open-IM-Server\pkg\utils\cache_delete.go", "go", 1, 0, 0, 0, 0, 0, 0, 0, 0, 0, 0, 0, 0, 0, 0, 0, 0, 1, 2
"d:\tmp\Open-IM-Server\pkg\utils\cors_middleware.go", "go", 20, 0, 0, 0, 0, 0, 0, 0, 0, 0, 0, 0, 0, 0, 0, 0, 1, 4, 25
"d:\tmp\Open-IM-Server\pkg\utils\encryption.go", "go", 58, 0, 0, 0, 0, 0, 0, 0, 0, 0, 0, 0, 0, 0, 0, 0, 0, 7, 65
"d:\tmp\Open-IM-Server\pkg\utils\file.go", "go", 73, 0, 0, 0, 0, 0, 0, 0, 0, 0, 0, 0, 0, 0, 0, 0, 3, 8, 84
"d:\tmp\Open-IM-Server\pkg\utils\get_server_ip.go", "go", 20, 0, 0, 0, 0, 0, 0, 0, 0, 0, 0, 0, 0, 0, 0, 0, 0, 6, 26
"d:\tmp\Open-IM-Server\pkg\utils\image.go", "go", 49, 0, 0, 0, 0, 0, 0, 0, 0, 0, 0, 0, 0, 0, 0, 0, 0, 8, 57
"d:\tmp\Open-IM-Server\pkg\utils\map.go", "go", 114, 0, 0, 0, 0, 0, 0, 0, 0, 0, 0, 0, 0, 0, 0, 0, 0, 20, 134
"d:\tmp\Open-IM-Server\pkg\utils\strings.go", "go", 103, 0, 0, 0, 0, 0, 0, 0, 0, 0, 0, 0, 0, 0, 0, 0, 8, 11, 122
"d:\tmp\Open-IM-Server\pkg\utils\time_format.go", "go", 59, 0, 0, 0, 0, 0, 0, 0, 0, 0, 0, 0, 0, 0, 0, 0, 15, 16, 90
"d:\tmp\Open-IM-Server\pkg\utils\utils.go", "go", 154, 0, 0, 0, 0, 0, 0, 0, 0, 0, 0, 0, 0, 0, 0, 0, 5, 17, 176
"d:\tmp\Open-IM-Server\script\.env", "env", 0, 0, 0, 0, 4, 0, 0, 0, 0, 0, 0, 0, 0, 0, 0, 0, 0, 0, 4
"d:\tmp\Open-IM-Server\script\batch_build_all_service.sh", "Shell Script", 0, 46, 0, 0, 0, 0, 0, 0, 0, 0, 0, 0, 0, 0, 0, 0, 3, 12, 61
"d:\tmp\Open-IM-Server\script\batch_start_all.sh", "Shell Script", 0, 46, 0, 0, 0, 0, 0, 0, 0, 0, 0, 0, 0, 0, 0, 0, 6, 10, 62
"d:\tmp\Open-IM-Server\script\build_all_service.sh", "Shell Script", 0, 29, 0, 0, 0, 0, 0, 0, 0, 0, 0, 0, 0, 0, 0, 0, 3, 5, 37
"d:\tmp\Open-IM-Server\script\build_images.sh", "Shell Script", 0, 10, 0, 0, 0, 0, 0, 0, 0, 0, 0, 0, 0, 0, 0, 0, 1, 0, 11
"d:\tmp\Open-IM-Server\script\check_all.sh", "Shell Script", 0, 50, 0, 0, 0, 0, 0, 0, 0, 0, 0, 0, 0, 0, 0, 0, 12, 5, 67
"d:\tmp\Open-IM-Server\script\demo_svr_start.sh", "Shell Script", 0, 37, 0, 0, 0, 0, 0, 0, 0, 0, 0, 0, 0, 0, 0, 0, 6, 4, 47
"d:\tmp\Open-IM-Server\script\docker_check_service.sh", "Shell Script", 0, 8, 0, 0, 0, 0, 0, 0, 0, 0, 0, 0, 0, 0, 0, 0, 1, 4, 13
"d:\tmp\Open-IM-Server\script\docker_start_all.sh", "Shell Script", 0, 23, 0, 0, 0, 0, 0, 0, 0, 0, 0, 0, 0, 0, 0, 0, 6, 6, 35
"d:\tmp\Open-IM-Server\script\enterprise\check_all.sh", "Shell Script", 0, 24, 0, 0, 0, 0, 0, 0, 0, 0, 0, 0, 0, 0, 0, 0, 2, 3, 29
"d:\tmp\Open-IM-Server\script\enterprise\function.sh", "Shell Script", 0, 12, 0, 0, 0, 0, 0, 0, 0, 0, 0, 0, 0, 0, 0, 0, 3, 0, 15
"d:\tmp\Open-IM-Server\script\enterprise\path_info.cfg", "Properties", 0, 0, 0, 15, 0, 0, 0, 0, 0, 0, 0, 0, 0, 0, 0, 0, 8, 7, 30
"d:\tmp\Open-IM-Server\script\env_check.sh", "Shell Script", 0, 32, 0, 0, 0, 0, 0, 0, 0, 0, 0, 0, 0, 0, 0, 0, 1, 11, 44
"d:\tmp\Open-IM-Server\script\function.sh", "Shell Script", 0, 12, 0, 0, 0, 0, 0, 0, 0, 0, 0, 0, 0, 0, 0, 0, 3, 0, 15
"d:\tmp\Open-IM-Server\script\init_pwd.sh", "Shell Script", 0, 9, 0, 0, 0, 0, 0, 0, 0, 0, 0, 0, 0, 0, 0, 0, 0, 3, 12
"d:\tmp\Open-IM-Server\script\mongo-init.sh", "Shell Script", 0, 12, 0, 0, 0, 0, 0, 0, 0, 0, 0, 0, 0, 0, 0, 0, 0, 1, 13
"d:\tmp\Open-IM-Server\script\msg_gateway_start.sh", "Shell Script", 0, 43, 0, 0, 0, 0, 0, 0, 0, 0, 0, 0, 0, 0, 0, 0, 6, 5, 54
"d:\tmp\Open-IM-Server\script\msg_transfer_start.sh", "Shell Script", 0, 34, 0, 0, 0, 0, 0, 0, 0, 0, 0, 0, 0, 0, 0, 0, 6, 6, 46
"d:\tmp\Open-IM-Server\script\path_info.cfg", "Properties", 0, 0, 0, 63, 0, 0, 0, 0, 0, 0, 0, 0, 0, 0, 0, 0, 8, 16, 87
"d:\tmp\Open-IM-Server\script\push_start.sh", "Shell Script", 0, 35, 0, 0, 0, 0, 0, 0, 0, 0, 0, 0, 0, 0, 0, 0, 6, 8, 49
"d:\tmp\Open-IM-Server\script\sdk_svr_start.sh", "Shell Script", 0, 34, 0, 0, 0, 0, 0, 0, 0, 0, 0, 0, 0, 0, 0, 0, 6, 6, 46
"d:\tmp\Open-IM-Server\script\start_all.sh", "Shell Script", 0, 23, 0, 0, 0, 0, 0, 0, 0, 0, 0, 0, 0, 0, 0, 0, 5, 3, 31
"d:\tmp\Open-IM-Server\script\start_cron.sh", "Shell Script", 0, 23, 0, 0, 0, 0, 0, 0, 0, 0, 0, 0, 0, 0, 0, 0, 8, 6, 37
"d:\tmp\Open-IM-Server\script\start_rpc_service.sh", "Shell Script", 0, 74, 0, 0, 0, 0, 0, 0, 0, 0, 0, 0, 0, 0, 0, 0, 14, 8, 96
"d:\tmp\Open-IM-Server\script\stop_all.sh", "Shell Script", 0, 12, 0, 0, 0, 0, 0, 0, 0, 0, 0, 0, 0, 0, 0, 0, 4, 4, 20
"d:\tmp\Open-IM-Server\script\style_info.cfg", "Properties", 0, 0, 0, 8, 0, 0, 0, 0, 0, 0, 0, 0, 0, 0, 0, 0, 1, 1, 10
"d:\tmp\Open-IM-Server\script\win_build_all_service.cmd", "Batch", 0, 0, 22, 0, 0, 0, 0, 0, 0, 0, 0, 0, 0, 0, 0, 0, 0, 0, 22
"d:\tmp\Open-IM-Server\script\win_start_all_service.cmd", "Batch", 0, 0, 22, 0, 0, 0, 0, 0, 0, 0, 0, 0, 0, 0, 0, 0, 0, 0, 22
"d:\tmp\Open-IM-Server\test\mongo\cmd\main.go", "go", 41, 0, 0, 0, 0, 0, 0, 0, 0, 0, 0, 0, 0, 0, 0, 0, 1, 4, 46
"d:\tmp\Open-IM-Server\test\mongo\mongo_utils.go", "go", 53, 0, 0, 0, 0, 0, 0, 0, 0, 0, 0, 0, 0, 0, 0, 0, 1, 6, 60
"Total", "-", 77668, 723, 44, 121, 8, 2716, 219, 73, 8091, 995, 1122, 15797, 377, 2, 197, 2269, 4271, 9360, 124053